{"products":[{"id":"0.3067551688604715","qty":3}],"totalPrice":11.870000000000001}